backend,attributes,run,prove_or_present_ms,verify_ms,proof_bytes,vp_bytes,peak_rss_mb,synthetic_from_summary
AnonCreds,4,1,93.70391308000299,81.36961065270117,18037.0,18037.0,285.35,True
AnonCreds,4,2,82.39801767092187,86.11842281330482,18037.0,18037.0,285.35,True
AnonCreds,4,3,83.42396845185522,84.48270529547662,18037.0,18037.0,285.35,True
AnonCreds,4,4,85.71912532375632,86.40228634203137,18037.0,18037.0,285.35,True
AnonCreds,4,5,85.8012637122533,87.62934635234119,18037.0,18037.0,285.35,True
AnonCreds,4,6,88.03375724470888,85.43640726164999,18037.0,18037.0,285.35,True
AnonCreds,4,7,92.68960240073213,89.4210628009653,18037.0,18037.0,285.35,True
AnonCreds,4,8,87.86135251654291,88.91178723656752,18037.0,18037.0,285.35,True
AnonCreds,4,9,85.02849299563233,86.67549627297497,18037.0,18037.0,285.35,True
AnonCreds,4,10,83.34120269500191,85.92445110078675,18037.0,18037.0,285.35,True
AnonCreds,4,11,80.59366823750126,81.25597672304922,18037.0,18037.0,285.35,True
AnonCreds,4,12,89.85389969450506,85.16434652272675,18037.0,18037.0,285.35,True
AnonCreds,4,13,91.7551952855338,88.10774458268172,18037.0,18037.0,285.35,True
AnonCreds,4,14,89.18049371439967,84.92040981443796,18037.0,18037.0,285.35,True
AnonCreds,4,15,81.7327816042267,87.32054856741424,18037.0,18037.0,285.35,True
AnonCreds,4,16,86.96929199488764,88.00243747418523,18037.0,18037.0,285.35,True
AnonCreds,4,17,95.92574209699083,84.34642567771911,18037.0,18037.0,285.35,True
AnonCreds,4,18,85.43227959412984,86.85506545601524,18037.0,18037.0,285.35,True
AnonCreds,4,19,94.06301789967218,91.61375228462231,18037.0,18037.0,285.35,True
AnonCreds,4,20,90.39868860353513,81.83687431918761,18037.0,18037.0,285.35,True
AnonCreds,4,21,90.75622956413898,81.87011623563271,18037.0,18037.0,285.35,True
AnonCreds,4,22,89.36607563464182,88.31682038532051,18037.0,18037.0,285.35,True
AnonCreds,4,23,88.42943684298122,87.37844576333656,18037.0,18037.0,285.35,True
AnonCreds,4,24,84.92907090804471,85.8761963779041,18037.0,18037.0,285.35,True
AnonCreds,4,25,88.86029328184392,80.70859938974277,18037.0,18037.0,285.35,True
AnonCreds,4,26,94.30778695784909,86.96964013574129,18037.0,18037.0,285.35,True
AnonCreds,4,27,92.03719789286374,86.55716411042549,18037.0,18037.0,285.35,True
AnonCreds,4,28,90.8495032107162,82.02842304777664,18037.0,18037.0,285.35,True
AnonCreds,4,29,91.99120765456735,77.3554403483773,18037.0,18037.0,285.35,True
AnonCreds,4,30,92.47379041540688,86.4294713548936,18037.0,18037.0,285.35,True
AnonCreds,4,31,89.3211241266032,86.00690764237712,18037.0,18037.0,285.35,True
AnonCreds,4,32,91.54106225200125,85.27745311823035,18037.0,18037.0,285.35,True
AnonCreds,4,33,87.72237453792944,85.00491905306437,18037.0,18037.0,285.35,True
AnonCreds,4,34,90.39594170582482,86.58528646134253,18037.0,18037.0,285.35,True
AnonCreds,4,35,87.61870169132112,89.11660569729263,18037.0,18037.0,285.35,True
AnonCreds,4,36,94.8221040849973,89.14534675183913,18037.0,18037.0,285.35,True
AnonCreds,4,37,89.75521204012406,84.13547611224901,18037.0,18037.0,285.35,True
AnonCreds,4,38,90.9463798116524,80.31342588448955,18037.0,18037.0,285.35,True
AnonCreds,4,39,89.61197437560836,85.85676584005918,18037.0,18037.0,285.35,True
AnonCreds,4,40,84.47350195933278,86.00899809189207,18037.0,18037.0,285.35,True
AnonCreds,4,41,90.82921829310887,87.82432957162088,18037.0,18037.0,285.35,True
AnonCreds,4,42,84.2382297466821,81.21677307642571,18037.0,18037.0,285.35,True
AnonCreds,4,43,94.94547845901126,84.928696653437,18037.0,18037.0,285.35,True
AnonCreds,4,44,86.71821341975979,79.13848886373873,18037.0,18037.0,285.35,True
AnonCreds,4,45,88.19264590135774,85.65964594059692,18037.0,18037.0,285.35,True
AnonCreds,4,46,92.79534732789843,87.25126679057826,18037.0,18037.0,285.35,True
AnonCreds,4,47,89.14717161328348,83.36892960643571,18037.0,18037.0,285.35,True
AnonCreds,4,48,86.38711188932248,85.19529384312844,18037.0,18037.0,285.35,True
AnonCreds,4,49,87.30868448422464,94.32333607772094,18037.0,18037.0,285.35,True
AnonCreds,4,50,89.06264229366995,87.3362338500321,18037.0,18037.0,285.35,True
AnonCreds,8,1,98.41747521142415,85.96089460940577,18803.5,18803.5,286.5,True
AnonCreds,8,2,92.24627554477792,90.99240004785435,18803.5,18803.5,286.5,True
AnonCreds,8,3,100.33044508641416,89.61527144186974,18803.5,18803.5,286.5,True
AnonCreds,8,4,100.31042516425349,92.11235097460596,18803.5,18803.5,286.5,True
AnonCreds,8,5,101.18151430343399,104.23632458518733,18803.5,18803.5,286.5,True
AnonCreds,8,6,101.34736886880474,88.66434923455927,18803.5,18803.5,286.5,True
AnonCreds,8,7,103.55006071485062,97.63678056271857,18803.5,18803.5,286.5,True
AnonCreds,8,8,109.37918133320125,90.47222194231985,18803.5,18803.5,286.5,True
AnonCreds,8,9,101.52138666812064,105.40659047207707,18803.5,18803.5,286.5,True
AnonCreds,8,10,89.83079040206064,90.57737440250094,18803.5,18803.5,286.5,True
AnonCreds,8,11,91.38730139903726,89.90576742735226,18803.5,18803.5,286.5,True
AnonCreds,8,12,90.2085524975826,89.07936179108125,18803.5,18803.5,286.5,True
AnonCreds,8,13,93.35461170653214,100.58410591792058,18803.5,18803.5,286.5,True
AnonCreds,8,14,104.35512427066473,86.06030655970359,18803.5,18803.5,286.5,True
AnonCreds,8,15,99.86324977512845,90.70432049796524,18803.5,18803.5,286.5,True
AnonCreds,8,16,91.56765031651824,93.23097582017202,18803.5,18803.5,286.5,True
AnonCreds,8,17,113.50599681247351,99.00693405380407,18803.5,18803.5,286.5,True
AnonCreds,8,18,104.67664797316453,96.32201569021245,18803.5,18803.5,286.5,True
AnonCreds,8,19,101.98029373436675,84.67527355198467,18803.5,18803.5,286.5,True
AnonCreds,8,20,90.36359032341352,92.3511517637956,18803.5,18803.5,286.5,True
AnonCreds,8,21,91.95206316154643,94.02142047401902,18803.5,18803.5,286.5,True
AnonCreds,8,22,91.35962591150984,98.26249283319468,18803.5,18803.5,286.5,True
AnonCreds,8,23,92.25099047958483,95.63885349177653,18803.5,18803.5,286.5,True
AnonCreds,8,24,107.94095181423403,94.71211993188163,18803.5,18803.5,286.5,True
AnonCreds,8,25,105.23348814701833,96.21633070670768,18803.5,18803.5,286.5,True
AnonCreds,8,26,97.72956243289545,98.24480351152056,18803.5,18803.5,286.5,True
AnonCreds,8,27,89.97810022412072,92.02373277292862,18803.5,18803.5,286.5,True
AnonCreds,8,28,84.62714635793007,90.49622881451306,18803.5,18803.5,286.5,True
AnonCreds,8,29,91.32224275933604,95.88137432568364,18803.5,18803.5,286.5,True
AnonCreds,8,30,88.25205737120162,91.175412681519,18803.5,18803.5,286.5,True
AnonCreds,8,31,100.36429522072092,94.38714212506385,18803.5,18803.5,286.5,True
AnonCreds,8,32,113.07589111934861,100.74324395581405,18803.5,18803.5,286.5,True
AnonCreds,8,33,109.05424459578599,93.64246440596277,18803.5,18803.5,286.5,True
AnonCreds,8,34,100.93885605896793,97.04496328165826,18803.5,18803.5,286.5,True
AnonCreds,8,35,109.97606737658928,96.31195238419768,18803.5,18803.5,286.5,True
AnonCreds,8,36,101.29294672635372,101.39378031769259,18803.5,18803.5,286.5,True
AnonCreds,8,37,93.25466359625636,97.22378745104987,18803.5,18803.5,286.5,True
AnonCreds,8,38,93.71223807037656,84.10629381700078,18803.5,18803.5,286.5,True
AnonCreds,8,39,95.11266303386793,94.6671554668221,18803.5,18803.5,286.5,True
AnonCreds,8,40,104.90550932276898,94.71419552232307,18803.5,18803.5,286.5,True
AnonCreds,8,41,105.85430873649548,89.44082524795792,18803.5,18803.5,286.5,True
AnonCreds,8,42,99.00299359648812,87.61181983556034,18803.5,18803.5,286.5,True
AnonCreds,8,43,93.69497637971477,99.02238245093996,18803.5,18803.5,286.5,True
AnonCreds,8,44,95.9843634282515,87.23916292052537,18803.5,18803.5,286.5,True
AnonCreds,8,45,94.39484960041545,95.44742179028773,18803.5,18803.5,286.5,True
AnonCreds,8,46,92.42056505643124,88.29475585063786,18803.5,18803.5,286.5,True
AnonCreds,8,47,106.33983661075925,90.31776500339029,18803.5,18803.5,286.5,True
AnonCreds,8,48,105.55034192105838,94.27812757951172,18803.5,18803.5,286.5,True
AnonCreds,8,49,101.39198866730172,88.18979540389915,18803.5,18803.5,286.5,True
AnonCreds,8,50,85.62088358159244,95.90468911915418,18803.5,18803.5,286.5,True
AnonCreds,16,1,113.25300558499302,114.04428331965187,20340.5,20340.5,290.96,True
AnonCreds,16,2,104.68152175783624,121.18259238482335,20340.5,20340.5,290.96,True
AnonCreds,16,3,125.48724057550969,109.55460774858604,20340.5,20340.5,290.96,True
AnonCreds,16,4,117.53089537682374,106.1655455634169,20340.5,20340.5,290.96,True
AnonCreds,16,5,115.35092848700019,110.24008348700384,20340.5,20340.5,290.96,True
AnonCreds,16,6,100.9183354093904,116.33411007334135,20340.5,20340.5,290.96,True
AnonCreds,16,7,96.45646017792248,104.89163309750502,20340.5,20340.5,290.96,True
AnonCreds,16,8,111.90530290724443,121.77790917468249,20340.5,20340.5,290.96,True
AnonCreds,16,9,104.25594051078349,102.98459132744114,20340.5,20340.5,290.96,True
AnonCreds,16,10,96.47199101765938,99.24421412562255,20340.5,20340.5,290.96,True
AnonCreds,16,11,110.21142194441535,95.94130647227574,20340.5,20340.5,290.96,True
AnonCreds,16,12,121.32911906312441,112.33440693152598,20340.5,20340.5,290.96,True
AnonCreds,16,13,105.84166126413064,110.26907706581477,20340.5,20340.5,290.96,True
AnonCreds,16,14,109.74128534410728,119.42958503363283,20340.5,20340.5,290.96,True
AnonCreds,16,15,108.57798052677097,108.72887929769982,20340.5,20340.5,290.96,True
AnonCreds,16,16,108.41658133372805,119.79345005393041,20340.5,20340.5,290.96,True
AnonCreds,16,17,118.0530439460666,97.504493423126,20340.5,20340.5,290.96,True
AnonCreds,16,18,121.17555991280078,104.1069288895698,20340.5,20340.5,290.96,True
AnonCreds,16,19,111.65290013564073,120.46895731879582,20340.5,20340.5,290.96,True
AnonCreds,16,20,109.66155442089757,105.24912064480652,20340.5,20340.5,290.96,True
AnonCreds,16,21,114.85441408354035,109.23431751754025,20340.5,20340.5,290.96,True
AnonCreds,16,22,104.34653012414792,108.15066003696178,20340.5,20340.5,290.96,True
AnonCreds,16,23,105.80667079546444,114.04330874057604,20340.5,20340.5,290.96,True
AnonCreds,16,24,113.16506184591313,113.50724734552351,20340.5,20340.5,290.96,True
AnonCreds,16,25,117.57939483133102,95.24435606519337,20340.5,20340.5,290.96,True
AnonCreds,16,26,101.73599957602835,101.47056644897002,20340.5,20340.5,290.96,True
AnonCreds,16,27,98.41764739992968,121.07957433520296,20340.5,20340.5,290.96,True
AnonCreds,16,28,107.21769629869421,108.00193004622508,20340.5,20340.5,290.96,True
AnonCreds,16,29,113.07726792897589,97.39704288051085,20340.5,20340.5,290.96,True
AnonCreds,16,30,112.36274131966982,110.98727457420937,20340.5,20340.5,290.96,True
AnonCreds,16,31,103.62297062339854,109.63292974629687,20340.5,20340.5,290.96,True
AnonCreds,16,32,124.51528731506464,110.65681452042995,20340.5,20340.5,290.96,True
AnonCreds,16,33,104.05478637805618,104.60485941622028,20340.5,20340.5,290.96,True
AnonCreds,16,34,115.27549052008459,123.16353370861502,20340.5,20340.5,290.96,True
AnonCreds,16,35,106.94080041854048,116.45894338731506,20340.5,20340.5,290.96,True
AnonCreds,16,36,110.25498648065533,116.8749589317325,20340.5,20340.5,290.96,True
AnonCreds,16,37,101.80646220556658,100.55553085882839,20340.5,20340.5,290.96,True
AnonCreds,16,38,112.94060891091665,99.29666290103935,20340.5,20340.5,290.96,True
AnonCreds,16,39,108.52541473438541,115.16767476172389,20340.5,20340.5,290.96,True
AnonCreds,16,40,115.77335643033996,126.19689814606231,20340.5,20340.5,290.96,True
AnonCreds,16,41,111.66024502215836,114.30382823251097,20340.5,20340.5,290.96,True
AnonCreds,16,42,105.41155978463125,99.2496937799148,20340.5,20340.5,290.96,True
AnonCreds,16,43,110.81569515197103,101.38028550527463,20340.5,20340.5,290.96,True
AnonCreds,16,44,118.64408450710697,113.23789869229026,20340.5,20340.5,290.96,True
AnonCreds,16,45,111.14179709185186,106.5008567417542,20340.5,20340.5,290.96,True
AnonCreds,16,46,103.64880332507721,94.46030166592803,20340.5,20340.5,290.96,True
AnonCreds,16,47,118.86052732067334,103.08321976567257,20340.5,20340.5,290.96,True
AnonCreds,16,48,104.57546118556911,108.04355716396925,20340.5,20340.5,290.96,True
AnonCreds,16,49,109.97011250105116,112.8082885068102,20340.5,20340.5,290.96,True
AnonCreds,16,50,117.69260715002078,104.57850002724867,20340.5,20340.5,290.96,True
AnonCreds,32,1,133.55900132729457,130.21436751468235,23419.5,23419.5,301.13,True
AnonCreds,32,2,131.4259604911723,132.97752412027748,23419.5,23419.5,301.13,True
AnonCreds,32,3,134.6340646173157,131.82945102005877,23419.5,23419.5,301.13,True
AnonCreds,32,4,135.9089501174577,146.4125131467654,23419.5,23419.5,301.13,True
AnonCreds,32,5,155.2567954988756,129.6472132748203,23419.5,23419.5,301.13,True
AnonCreds,32,6,153.51068791018588,133.63277397480186,23419.5,23419.5,301.13,True
AnonCreds,32,7,142.37571107182958,116.22438104022581,23419.5,23419.5,301.13,True
AnonCreds,32,8,128.06268946356573,132.00484261526734,23419.5,23419.5,301.13,True
AnonCreds,32,9,142.19769512951947,140.71952306504025,23419.5,23419.5,301.13,True
AnonCreds,32,10,146.61649713377733,126.41349007796912,23419.5,23419.5,301.13,True
AnonCreds,32,11,131.9820362973454,133.0435789272622,23419.5,23419.5,301.13,True
AnonCreds,32,12,133.01338287730752,141.5051578070987,23419.5,23419.5,301.13,True
AnonCreds,32,13,131.59130752595402,136.19682505386706,23419.5,23419.5,301.13,True
AnonCreds,32,14,136.43361995271724,136.08952854156752,23419.5,23419.5,301.13,True
AnonCreds,32,15,126.07481563568346,129.8700153456665,23419.5,23419.5,301.13,True
AnonCreds,32,16,129.93627273065215,135.4572926370016,23419.5,23419.5,301.13,True
AnonCreds,32,17,129.02864832981308,133.197473526353,23419.5,23419.5,301.13,True
AnonCreds,32,18,133.07819684906664,131.2577488366683,23419.5,23419.5,301.13,True
AnonCreds,32,19,134.25540455535824,134.30988824017265,23419.5,23419.5,301.13,True
AnonCreds,32,20,156.68785564184483,131.01308011438667,23419.5,23419.5,301.13,True
AnonCreds,32,21,133.51960403789752,137.14568437843687,23419.5,23419.5,301.13,True
AnonCreds,32,22,141.22501007490018,128.7062538377263,23419.5,23419.5,301.13,True
AnonCreds,32,23,164.12139650346063,132.25454804934378,23419.5,23419.5,301.13,True
AnonCreds,32,24,129.50028584396355,127.9945520678959,23419.5,23419.5,301.13,True
AnonCreds,32,25,119.72655597515681,138.29344881865353,23419.5,23419.5,301.13,True
AnonCreds,32,26,131.44063506650946,137.0520502827969,23419.5,23419.5,301.13,True
AnonCreds,32,27,135.65511662276108,124.2708429384267,23419.5,23419.5,301.13,True
AnonCreds,32,28,149.21970731744673,141.63899045854018,23419.5,23419.5,301.13,True
AnonCreds,32,29,139.63505965295883,136.54275123396067,23419.5,23419.5,301.13,True
AnonCreds,32,30,141.34443403511114,136.6701655515162,23419.5,23419.5,301.13,True
AnonCreds,32,31,139.7995709341686,139.0393057023571,23419.5,23419.5,301.13,True
AnonCreds,32,32,131.268189146079,129.5286334758173,23419.5,23419.5,301.13,True
AnonCreds,32,33,119.74075711225494,124.96577589633554,23419.5,23419.5,301.13,True
AnonCreds,32,34,139.5993091291702,136.68186310920063,23419.5,23419.5,301.13,True
AnonCreds,32,35,125.16078853910584,122.75098069085996,23419.5,23419.5,301.13,True
AnonCreds,32,36,133.98718894423163,129.71775290421556,23419.5,23419.5,301.13,True
AnonCreds,32,37,146.4423248360385,127.10371569108982,23419.5,23419.5,301.13,True
AnonCreds,32,38,132.39363260461354,136.2512446550875,23419.5,23419.5,301.13,True
AnonCreds,32,39,138.39301574541207,132.50990896170268,23419.5,23419.5,301.13,True
AnonCreds,32,40,123.5121773443115,130.5372936953415,23419.5,23419.5,301.13,True
AnonCreds,32,41,134.41532081956802,123.45137958622108,23419.5,23419.5,301.13,True
AnonCreds,32,42,145.82740686943558,125.51663564172853,23419.5,23419.5,301.13,True
AnonCreds,32,43,129.97380976706597,137.65498194768367,23419.5,23419.5,301.13,True
AnonCreds,32,44,151.45996886738877,130.09364775401394,23419.5,23419.5,301.13,True
AnonCreds,32,45,142.1568253182359,139.08477253544507,23419.5,23419.5,301.13,True
AnonCreds,32,46,143.38652297415743,138.73865947993704,23419.5,23419.5,301.13,True
AnonCreds,32,47,134.83014765045152,140.80087180447322,23419.5,23419.5,301.13,True
AnonCreds,32,48,141.0944487852405,125.11535517526045,23419.5,23419.5,301.13,True
AnonCreds,32,49,140.61273789800222,153.01891405886076,23419.5,23419.5,301.13,True
AnonCreds,32,50,132.81527445641777,125.7183471626775,23419.5,23419.5,301.13,True
AnonCreds,64,1,195.6107411964891,176.39960874669077,29573.0,29573.0,286.62,True
AnonCreds,64,2,192.55852804383096,182.81091269766043,29573.0,29573.0,286.62,True
AnonCreds,64,3,192.96668572307604,184.99558882235226,29573.0,29573.0,286.62,True
AnonCreds,64,4,191.20211580693612,183.3081219310214,29573.0,29573.0,286.62,True
AnonCreds,64,5,191.59938290974736,192.15443485687302,29573.0,29573.0,286.62,True
AnonCreds,64,6,189.63529481130428,192.87017277018074,29573.0,29573.0,286.62,True
AnonCreds,64,7,204.22019103507307,175.75970876548905,29573.0,29573.0,286.62,True
AnonCreds,64,8,194.36759333140444,202.600526285102,29573.0,29573.0,286.62,True
AnonCreds,64,9,187.84330001317744,185.91858519243348,29573.0,29573.0,286.62,True
AnonCreds,64,10,194.4606917294481,187.92590248014844,29573.0,29573.0,286.62,True
AnonCreds,64,11,193.05303347784667,187.6643707224613,29573.0,29573.0,286.62,True
AnonCreds,64,12,193.72321825758254,194.42154996370476,29573.0,29573.0,286.62,True
AnonCreds,64,13,183.6150702042368,182.76372583471354,29573.0,29573.0,286.62,True
AnonCreds,64,14,183.96235250766244,181.3517306286553,29573.0,29573.0,286.62,True
AnonCreds,64,15,200.84373144860024,195.18309613802288,29573.0,29573.0,286.62,True
AnonCreds,64,16,193.7120316567238,183.43968755099056,29573.0,29573.0,286.62,True
AnonCreds,64,17,191.58516263966266,198.24723707296408,29573.0,29573.0,286.62,True
AnonCreds,64,18,193.3909367895398,191.36369009539797,29573.0,29573.0,286.62,True
AnonCreds,64,19,189.20051995974487,179.70856982808294,29573.0,29573.0,286.62,True
AnonCreds,64,20,180.0093211430225,193.99985144393693,29573.0,29573.0,286.62,True
AnonCreds,64,21,186.05502039084752,194.79479962471527,29573.0,29573.0,286.62,True
AnonCreds,64,22,182.237329135488,189.77930657070277,29573.0,29573.0,286.62,True
AnonCreds,64,23,181.8240646672135,195.352634124672,29573.0,29573.0,286.62,True
AnonCreds,64,24,190.9609725096764,196.38866481104174,29573.0,29573.0,286.62,True
AnonCreds,64,25,181.7594297093719,193.58379006381136,29573.0,29573.0,286.62,True
AnonCreds,64,26,191.23749117923148,207.20093814291744,29573.0,29573.0,286.62,True
AnonCreds,64,27,191.42057274596283,177.54659973228047,29573.0,29573.0,286.62,True
AnonCreds,64,28,199.57640118999169,187.02494809533107,29573.0,29573.0,286.62,True
AnonCreds,64,29,184.68273580768877,190.83670605766756,29573.0,29573.0,286.62,True
AnonCreds,64,30,202.4206098351156,190.58330096987103,29573.0,29573.0,286.62,True
AnonCreds,64,31,197.9974295911592,185.99762190650378,29573.0,29573.0,286.62,True
AnonCreds,64,32,192.76040625485717,199.2924224287946,29573.0,29573.0,286.62,True
AnonCreds,64,33,194.42574603546535,180.55466774722998,29573.0,29573.0,286.62,True
AnonCreds,64,34,192.78002851640474,201.28906164563298,29573.0,29573.0,286.62,True
AnonCreds,64,35,183.30034123585156,184.82811461378353,29573.0,29573.0,286.62,True
AnonCreds,64,36,194.10358283667856,180.5982670757819,29573.0,29573.0,286.62,True
AnonCreds,64,37,200.73575851497782,183.20663681526906,29573.0,29573.0,286.62,True
AnonCreds,64,38,195.1313361302547,189.81517624294526,29573.0,29573.0,286.62,True
AnonCreds,64,39,186.00098971972815,180.46217164414008,29573.0,29573.0,286.62,True
AnonCreds,64,40,189.93984359576214,190.50742724437185,29573.0,29573.0,286.62,True
AnonCreds,64,41,196.83549896442673,177.10095101425537,29573.0,29573.0,286.62,True
AnonCreds,64,42,186.06469249447386,189.37320592961342,29573.0,29573.0,286.62,True
AnonCreds,64,43,195.74561517480205,193.10532809458022,29573.0,29573.0,286.62,True
AnonCreds,64,44,183.6074198986432,190.9956171658562,29573.0,29573.0,286.62,True
AnonCreds,64,45,195.63722867906472,181.3418607095995,29573.0,29573.0,286.62,True
AnonCreds,64,46,187.4989429591953,191.45310455075636,29573.0,29573.0,286.62,True
AnonCreds,64,47,191.4012024260046,183.90947926372354,29573.0,29573.0,286.62,True
AnonCreds,64,48,200.83451947465963,182.72521134020053,29573.0,29573.0,286.62,True
AnonCreds,64,49,180.3509498408822,170.51086109845033,29573.0,29573.0,286.62,True
AnonCreds,64,50,183.41500792477012,191.03187198446508,29573.0,29573.0,286.62,True
BBS,4,1,70.30102424576722,52.18773234407095,447.0,477.0,144.37,True
BBS,4,2,75.6020471474039,52.853092012392985,447.0,477.0,144.37,True
BBS,4,3,80.21177636307965,45.44913221208608,447.0,477.0,144.37,True
BBS,4,4,77.88646774227817,50.57351885366685,447.0,477.0,144.37,True
BBS,4,5,72.65143090541436,47.70819278671205,447.0,477.0,144.37,True
BBS,4,6,84.07912379416425,51.793272174313486,447.0,477.0,144.37,True
BBS,4,7,77.16856137634157,56.32158039564665,447.0,477.0,144.37,True
BBS,4,8,81.6496851787104,52.899614381138505,447.0,477.0,144.37,True
BBS,4,9,86.39531968324854,48.81115664070578,447.0,477.0,144.37,True
BBS,4,10,68.28701815846067,54.085904550376796,447.0,477.0,144.37,True
BBS,4,11,72.00201700995642,54.165274418052356,447.0,477.0,144.37,True
BBS,4,12,70.75359889256401,50.7909633368546,447.0,477.0,144.37,True
BBS,4,13,73.77425728959416,49.15515313789444,447.0,477.0,144.37,True
BBS,4,14,69.60621080186411,52.92886925833213,447.0,477.0,144.37,True
BBS,4,15,72.48388032616181,53.43524661008508,447.0,477.0,144.37,True
BBS,4,16,79.43337038126117,48.13161013478478,447.0,477.0,144.37,True
BBS,4,17,67.13134239499911,54.13010971845065,447.0,477.0,144.37,True
BBS,4,18,75.48058628041541,48.99217979350054,447.0,477.0,144.37,True
BBS,4,19,78.03524996642206,56.01102372985418,447.0,477.0,144.37,True
BBS,4,20,82.53770916283068,47.82756198835538,447.0,477.0,144.37,True
BBS,4,21,72.66439895627799,53.071366122048396,447.0,477.0,144.37,True
BBS,4,22,70.63956205617829,57.50904458141817,447.0,477.0,144.37,True
BBS,4,23,75.5389533278831,49.56717998345638,447.0,477.0,144.37,True
BBS,4,24,72.54821338144392,48.80007823872966,447.0,477.0,144.37,True
BBS,4,25,77.8383043455309,54.138315287143875,447.0,477.0,144.37,True
BBS,4,26,64.89145694402019,48.986414650565706,447.0,477.0,144.37,True
BBS,4,27,84.3057745498617,50.40967185725619,447.0,477.0,144.37,True
BBS,4,28,72.20474284329256,52.5055537626937,447.0,477.0,144.37,True
BBS,4,29,75.49445977199792,57.883211835607824,447.0,477.0,144.37,True
BBS,4,30,63.49415261617632,49.38491762033402,447.0,477.0,144.37,True
BBS,4,31,71.93956291436855,47.313269309393675,447.0,477.0,144.37,True
BBS,4,32,79.5084015478014,49.08727458752062,447.0,477.0,144.37,True
BBS,4,33,79.98563945730768,51.33904110607693,447.0,477.0,144.37,True
BBS,4,34,74.03745647476102,53.462755471221016,447.0,477.0,144.37,True
BBS,4,35,74.04113192626808,56.51559526391912,447.0,477.0,144.37,True
BBS,4,36,81.3998182619527,49.474713707708524,447.0,477.0,144.37,True
BBS,4,37,71.42335229754686,50.766021059531816,447.0,477.0,144.37,True
BBS,4,38,72.62478066226015,52.67555577896712,447.0,477.0,144.37,True
BBS,4,39,72.15849359340592,49.27942860444797,447.0,477.0,144.37,True
BBS,4,40,74.24973904994381,49.31487890204327,447.0,477.0,144.37,True
BBS,4,41,80.82502226591166,56.53608957467086,447.0,477.0,144.37,True
BBS,4,42,81.64775004701288,53.95645331225532,447.0,477.0,144.37,True
BBS,4,43,73.85071694806479,53.60704844515642,447.0,477.0,144.37,True
BBS,4,44,65.29648497480144,53.11791222261105,447.0,477.0,144.37,True
BBS,4,45,79.39451018087507,51.99742852259912,447.0,477.0,144.37,True
BBS,4,46,72.20718414671126,48.76133579885772,447.0,477.0,144.37,True
BBS,4,47,82.03382444075422,54.992965719047874,447.0,477.0,144.37,True
BBS,4,48,70.66902976109816,52.464073076020675,447.0,477.0,144.37,True
BBS,4,49,71.2515961334509,43.572651963640666,447.0,477.0,144.37,True
BBS,4,50,86.80120582641085,47.49351072841161,447.0,477.0,144.37,True
BBS,8,1,88.84606429147297,61.46441738615501,576.0,606.0,144.38,True
BBS,8,2,103.05665851927125,51.56718559020972,576.0,606.0,144.38,True
BBS,8,3,85.0112995283357,52.005260129148624,576.0,606.0,144.38,True
BBS,8,4,97.8180876737548,59.35560502807216,576.0,606.0,144.38,True
BBS,8,5,94.59836935638353,61.24525549166724,576.0,606.0,144.38,True
BBS,8,6,96.92375490430872,47.40129342409564,576.0,606.0,144.38,True
BBS,8,7,96.16844631690137,56.60177886276788,576.0,606.0,144.38,True
BBS,8,8,93.61402758361186,65.5172881149176,576.0,606.0,144.38,True
BBS,8,9,97.42734197551452,62.01977317714863,576.0,606.0,144.38,True
BBS,8,10,93.27591847751022,62.98310576579952,576.0,606.0,144.38,True
BBS,8,11,93.6125399501892,58.97299088040923,576.0,606.0,144.38,True
BBS,8,12,102.08800642116242,43.811037228959115,576.0,606.0,144.38,True
BBS,8,13,101.6766809968052,54.40057735876937,576.0,606.0,144.38,True
BBS,8,14,101.7467996667835,60.118428537159915,576.0,606.0,144.38,True
BBS,8,15,97.29781566068719,50.786789606696516,576.0,606.0,144.38,True
BBS,8,16,92.79954188369462,60.1728657187139,576.0,606.0,144.38,True
BBS,8,17,83.51606862763708,61.039362712656875,576.0,606.0,144.38,True
BBS,8,18,93.5782017799667,63.73403144360994,576.0,606.0,144.38,True
BBS,8,19,97.27289463116894,58.017397323774595,576.0,606.0,144.38,True
BBS,8,20,96.26250243633132,68.26328851171752,576.0,606.0,144.38,True
BBS,8,21,90.00938803023548,59.74347452263532,576.0,606.0,144.38,True
BBS,8,22,92.95680767855318,62.36283654624496,576.0,606.0,144.38,True
BBS,8,23,93.93885600005233,54.344421993809696,576.0,606.0,144.38,True
BBS,8,24,94.15410005717298,65.84007644328913,576.0,606.0,144.38,True
BBS,8,25,100.97035889478175,56.198590261298136,576.0,606.0,144.38,True
BBS,8,26,93.76993299176215,56.54875475566803,576.0,606.0,144.38,True
BBS,8,27,93.93429696113414,51.63707175202607,576.0,606.0,144.38,True
BBS,8,28,89.64363220635214,63.43000437564051,576.0,606.0,144.38,True
BBS,8,29,94.6102141811699,61.8470956976343,576.0,606.0,144.38,True
BBS,8,30,84.5667219121601,51.999828492827945,576.0,606.0,144.38,True
BBS,8,31,93.5373626734616,53.57831040825575,576.0,606.0,144.38,True
BBS,8,32,104.0933160902476,54.2320461987478,576.0,606.0,144.38,True
BBS,8,33,93.9605354459989,49.06761941468484,576.0,606.0,144.38,True
BBS,8,34,92.92901964446636,60.84916261691306,576.0,606.0,144.38,True
BBS,8,35,95.91689676915823,65.06719306713765,576.0,606.0,144.38,True
BBS,8,36,94.29227144458032,63.19081437381126,576.0,606.0,144.38,True
BBS,8,37,94.79323486573264,61.13587031782584,576.0,606.0,144.38,True
BBS,8,38,89.42180452277664,64.10307322335635,576.0,606.0,144.38,True
BBS,8,39,96.90678651071222,61.77216182144614,576.0,606.0,144.38,True
BBS,8,40,96.29379210218163,51.25734905722846,576.0,606.0,144.38,True
BBS,8,41,93.3242590878795,58.54683412950392,576.0,606.0,144.38,True
BBS,8,42,93.3994590429663,64.94752348743546,576.0,606.0,144.38,True
BBS,8,43,86.69845083119031,58.9101881701122,576.0,606.0,144.38,True
BBS,8,44,91.38131054303538,67.14043227180046,576.0,606.0,144.38,True
BBS,8,45,93.47501299299181,59.48196269300423,576.0,606.0,144.38,True
BBS,8,46,96.43265007255204,54.263389128300986,576.0,606.0,144.38,True
BBS,8,47,101.73235147524493,59.03579613120588,576.0,606.0,144.38,True
BBS,8,48,96.51820766544276,46.12824416677208,576.0,606.0,144.38,True
BBS,8,49,103.39882045185195,53.968991844220646,576.0,606.0,144.38,True
BBS,8,50,97.77501608073771,42.08642723312143,576.0,606.0,144.38,True
BBS,16,1,130.24072540778982,70.13462907046666,833.0,863.0,144.39,True
BBS,16,2,157.30977908766235,73.96808884972222,833.0,863.0,144.39,True
BBS,16,3,141.66065018806032,65.94144376565517,833.0,863.0,144.39,True
BBS,16,4,132.74450432248335,69.9333163074966,833.0,863.0,144.39,True
BBS,16,5,150.64097637413835,63.837188818239156,833.0,863.0,144.39,True
BBS,16,6,119.86065498317414,68.97548491580622,833.0,863.0,144.39,True
BBS,16,7,143.94145266996702,74.22650331547504,833.0,863.0,144.39,True
BBS,16,8,138.92824764356465,71.16360752984367,833.0,863.0,144.39,True
BBS,16,9,150.1222726541048,67.36091669406842,833.0,863.0,144.39,True
BBS,16,10,141.42281580340637,68.9269256937911,833.0,863.0,144.39,True
BBS,16,11,173.64314970340837,64.23887836448839,833.0,863.0,144.39,True
BBS,16,12,128.3379901049469,60.74954610639331,833.0,863.0,144.39,True
BBS,16,13,151.4698737248137,64.43456114768301,833.0,863.0,144.39,True
BBS,16,14,136.11185203049476,62.960188184952884,833.0,863.0,144.39,True
BBS,16,15,128.01113000316738,70.50453365585399,833.0,863.0,144.39,True
BBS,16,16,134.7663611152294,67.32555289639801,833.0,863.0,144.39,True
BBS,16,17,134.3107109438697,67.27418525627688,833.0,863.0,144.39,True
BBS,16,18,137.26253951007376,66.22928290772445,833.0,863.0,144.39,True
BBS,16,19,141.69896112447853,70.03999511602038,833.0,863.0,144.39,True
BBS,16,20,134.99554054996008,74.83753307726613,833.0,863.0,144.39,True
BBS,16,21,132.487987411298,72.09261250312386,833.0,863.0,144.39,True
BBS,16,22,149.86178239681584,71.89729703937842,833.0,863.0,144.39,True
BBS,16,23,145.67606914755507,70.23088267574396,833.0,863.0,144.39,True
BBS,16,24,134.6906040469731,66.39002486213845,833.0,863.0,144.39,True
BBS,16,25,138.09564987417514,68.20109240647375,833.0,863.0,144.39,True
BBS,16,26,138.05996415943017,79.99672265165225,833.0,863.0,144.39,True
BBS,16,27,126.69443700891301,71.7827119381486,833.0,863.0,144.39,True
BBS,16,28,122.46185593980582,65.22827322918594,833.0,863.0,144.39,True
BBS,16,29,141.62855364830236,72.80724168203804,833.0,863.0,144.39,True
BBS,16,30,136.43387745170628,64.04808491282742,833.0,863.0,144.39,True
BBS,16,31,145.23168034550355,72.39907806520776,833.0,863.0,144.39,True
BBS,16,32,147.806785178337,64.28957128768562,833.0,863.0,144.39,True
BBS,16,33,146.55507484466244,71.18066522422889,833.0,863.0,144.39,True
BBS,16,34,171.06773554240365,74.8562018491971,833.0,863.0,144.39,True
BBS,16,35,144.69331711213758,71.43893932459832,833.0,863.0,144.39,True
BBS,16,36,159.88569364941605,67.97567660574991,833.0,863.0,144.39,True
BBS,16,37,142.6074718001817,74.2187324189149,833.0,863.0,144.39,True
BBS,16,38,141.55380927854335,72.31252388104363,833.0,863.0,144.39,True
BBS,16,39,133.47354423421962,73.20710702702296,833.0,863.0,144.39,True
BBS,16,40,147.02041148824972,67.00701949969266,833.0,863.0,144.39,True
BBS,16,41,136.5168701177976,65.31647698129755,833.0,863.0,144.39,True
BBS,16,42,155.65006167156915,64.87606288602633,833.0,863.0,144.39,True
BBS,16,43,139.11445684944826,71.22606733958426,833.0,863.0,144.39,True
BBS,16,44,134.16131366872057,76.35616785332054,833.0,863.0,144.39,True
BBS,16,45,166.38881263508964,73.52499862367665,833.0,863.0,144.39,True
BBS,16,46,126.84000456982032,65.26693787591832,833.0,863.0,144.39,True
BBS,16,47,114.96266219699285,73.56951363350531,833.0,863.0,144.39,True
BBS,16,48,159.6209707829974,69.37178191037947,833.0,863.0,144.39,True
BBS,16,49,124.18922156479817,68.66070976858914,833.0,863.0,144.39,True
BBS,16,50,135.9619079434992,66.11401104905727,833.0,863.0,144.39,True
BBS,32,1,218.6474161962669,98.14773778754659,1347.0,1377.0,151.16,True
BBS,32,2,218.87927475452997,85.68210083006552,1347.0,1377.0,151.16,True
BBS,32,3,216.16354869061328,97.2658104811808,1347.0,1377.0,151.16,True
BBS,32,4,219.4109334252485,87.20009820135226,1347.0,1377.0,151.16,True
BBS,32,5,210.59889564286624,89.03682235981186,1347.0,1377.0,151.16,True
BBS,32,6,218.98728070524524,91.57183280373151,1347.0,1377.0,151.16,True
BBS,32,7,214.86524177905088,83.86037027337001,1347.0,1377.0,151.16,True
BBS,32,8,195.7072187449596,74.24003456314651,1347.0,1377.0,151.16,True
BBS,32,9,212.7633353203022,88.24440825970439,1347.0,1377.0,151.16,True
BBS,32,10,223.7347988620775,83.73702011294887,1347.0,1377.0,151.16,True
BBS,32,11,212.94906383436893,90.04446294776658,1347.0,1377.0,151.16,True
BBS,32,12,221.4268271985526,80.17378997231656,1347.0,1377.0,151.16,True
BBS,32,13,212.07583282390837,83.86147665881794,1347.0,1377.0,151.16,True
BBS,32,14,216.96016022660325,85.14192479192585,1347.0,1377.0,151.16,True
BBS,32,15,213.43617842923499,95.17824028893219,1347.0,1377.0,151.16,True
BBS,32,16,215.8426211041266,85.99024566257859,1347.0,1377.0,151.16,True
BBS,32,17,216.967643489786,84.96141701522046,1347.0,1377.0,151.16,True
BBS,32,18,222.31999883674004,85.50837892434379,1347.0,1377.0,151.16,True
BBS,32,19,208.91385037074775,91.96797174961452,1347.0,1377.0,151.16,True
BBS,32,20,220.93419401077725,99.42746748436016,1347.0,1377.0,151.16,True
BBS,32,21,223.85215539654834,90.70315384775758,1347.0,1377.0,151.16,True
BBS,32,22,213.36383309763897,85.53035259830676,1347.0,1377.0,151.16,True
BBS,32,23,205.80689951126996,90.11541634287366,1347.0,1377.0,151.16,True
BBS,32,24,211.03879297513976,92.4470089691236,1347.0,1377.0,151.16,True
BBS,32,25,215.08475297635894,90.28049748660356,1347.0,1377.0,151.16,True
BBS,32,26,207.77057375319978,80.06230421178252,1347.0,1377.0,151.16,True
BBS,32,27,209.27935394876056,67.62579662712761,1347.0,1377.0,151.16,True
BBS,32,28,224.10243871973455,81.1707482218192,1347.0,1377.0,151.16,True
BBS,32,29,202.0139745530604,103.42500106522267,1347.0,1377.0,151.16,True
BBS,32,30,222.03819474652002,93.54544301946305,1347.0,1377.0,151.16,True
BBS,32,31,212.52487432782647,84.7504504309572,1347.0,1377.0,151.16,True
BBS,32,32,219.8405527360622,96.4827724069672,1347.0,1377.0,151.16,True
BBS,32,33,216.60328091600337,93.45732852165523,1347.0,1377.0,151.16,True
BBS,32,34,207.02188508750623,82.54873751516214,1347.0,1377.0,151.16,True
BBS,32,35,210.74364430437353,88.67826359421942,1347.0,1377.0,151.16,True
BBS,32,36,217.12347847373277,80.56937892833608,1347.0,1377.0,151.16,True
BBS,32,37,221.7771832856679,97.11103186876802,1347.0,1377.0,151.16,True
BBS,32,38,214.42735018856143,96.84231086696768,1347.0,1377.0,151.16,True
BBS,32,39,223.77994432671625,86.02481220052181,1347.0,1377.0,151.16,True
BBS,32,40,213.96311955790605,94.13037356706198,1347.0,1377.0,151.16,True
BBS,32,41,212.6481944446222,89.69613615452245,1347.0,1377.0,151.16,True
BBS,32,42,218.49443031706767,83.84643940739792,1347.0,1377.0,151.16,True
BBS,32,43,223.66922496340635,97.57159420430963,1347.0,1377.0,151.16,True
BBS,32,44,215.23153439279028,73.60997912481375,1347.0,1377.0,151.16,True
BBS,32,45,223.41637293076937,79.57616279307987,1347.0,1377.0,151.16,True
BBS,32,46,222.23719557108888,81.9834835427203,1347.0,1377.0,151.16,True
BBS,32,47,221.27420556580796,85.16399669101004,1347.0,1377.0,151.16,True
BBS,32,48,211.42996655499257,93.28252319709694,1347.0,1377.0,151.16,True
BBS,32,49,214.38176777112992,86.66419898472374,1347.0,1377.0,151.16,True
BBS,32,50,198.69561704160725,81.57043920375403,1347.0,1377.0,151.16,True
BBS,64,1,414.74069880249084,130.64170198034049,2375.0,2405.0,143.0,True
BBS,64,2,376.9405423595783,136.25106968657985,2375.0,2405.0,143.0,True
BBS,64,3,391.373166630239,118.01294746288218,2375.0,2405.0,143.0,True
BBS,64,4,379.35657990304804,118.3778750956852,2375.0,2405.0,143.0,True
BBS,64,5,370.75730267299366,133.28369129212516,2375.0,2405.0,143.0,True
BBS,64,6,348.07699558284975,125.45935182604052,2375.0,2405.0,143.0,True
BBS,64,7,384.70402784935584,126.20147019396849,2375.0,2405.0,143.0,True
BBS,64,8,377.9679522019321,121.68297907740065,2375.0,2405.0,143.0,True
BBS,64,9,378.2624927706766,134.1167040611575,2375.0,2405.0,143.0,True
BBS,64,10,376.73637592109736,110.2900122788055,2375.0,2405.0,143.0,True
BBS,64,11,372.9398342115422,121.70941972458614,2375.0,2405.0,143.0,True
BBS,64,12,357.1933277543624,125.66403163454783,2375.0,2405.0,143.0,True
BBS,64,13,379.28395568393,121.59080495286284,2375.0,2405.0,143.0,True
BBS,64,14,357.0129516891391,120.37955303610292,2375.0,2405.0,143.0,True
BBS,64,15,382.032282621737,119.69870764786955,2375.0,2405.0,143.0,True
BBS,64,16,376.64979511511984,132.51615038634407,2375.0,2405.0,143.0,True
BBS,64,17,403.20845732228037,130.41167309019127,2375.0,2405.0,143.0,True
BBS,64,18,377.465905459053,124.84950872368977,2375.0,2405.0,143.0,True
BBS,64,19,357.5337478321157,126.42927484510784,2375.0,2405.0,143.0,True
BBS,64,20,370.89830229045293,118.10764800989145,2375.0,2405.0,143.0,True
BBS,64,21,371.7746159412541,138.62098846072004,2375.0,2405.0,143.0,True
BBS,64,22,375.1941510322719,127.46957560622828,2375.0,2405.0,143.0,True
BBS,64,23,375.6055042856943,125.51415909042176,2375.0,2405.0,143.0,True
BBS,64,24,359.32136802259794,123.00320463175863,2375.0,2405.0,143.0,True
BBS,64,25,376.49024382633587,123.25360943057596,2375.0,2405.0,143.0,True
BBS,64,26,411.2831933037326,117.39999822463705,2375.0,2405.0,143.0,True
BBS,64,27,389.91293292814345,113.89980657819078,2375.0,2405.0,143.0,True
BBS,64,28,399.1843280785156,129.796278338324,2375.0,2405.0,143.0,True
BBS,64,29,408.621892732506,110.88620318713687,2375.0,2405.0,143.0,True
BBS,64,30,382.16091863083784,134.11937741137072,2375.0,2405.0,143.0,True
BBS,64,31,378.2876564910999,124.63446489651871,2375.0,2405.0,143.0,True
BBS,64,32,393.4289992355006,128.73527272693076,2375.0,2405.0,143.0,True
BBS,64,33,381.2035088658115,125.97978498417231,2375.0,2405.0,143.0,True
BBS,64,34,380.968203580519,131.53430099319064,2375.0,2405.0,143.0,True
BBS,64,35,404.9032364705284,118.91237795740612,2375.0,2405.0,143.0,True
BBS,64,36,352.29642951678903,115.56461291111611,2375.0,2405.0,143.0,True
BBS,64,37,368.543787648443,134.93337256056327,2375.0,2405.0,143.0,True
BBS,64,38,391.17934843626523,123.69212018327696,2375.0,2405.0,143.0,True
BBS,64,39,392.2242307084734,122.60956791803561,2375.0,2405.0,143.0,True
BBS,64,40,391.5059957505167,123.56657292002158,2375.0,2405.0,143.0,True
BBS,64,41,394.9893955705272,122.7393779800795,2375.0,2405.0,143.0,True
BBS,64,42,334.53731194821785,130.36017732213693,2375.0,2405.0,143.0,True
BBS,64,43,393.1245236124893,135.3981285516794,2375.0,2405.0,143.0,True
BBS,64,44,393.89300147111084,131.1263809995917,2375.0,2405.0,143.0,True
BBS,64,45,378.9124611069951,135.1699497143965,2375.0,2405.0,143.0,True
BBS,64,46,331.82407736400603,131.28377946831176,2375.0,2405.0,143.0,True
BBS,64,47,397.36888158486414,127.7716661772232,2375.0,2405.0,143.0,True
BBS,64,48,381.60648420086056,134.6583518106991,2375.0,2405.0,143.0,True
BBS,64,49,351.7085439875727,122.0008050780317,2375.0,2405.0,143.0,True
BBS,64,50,391.97825119777644,121.34961537447228,2375.0,2405.0,143.0,True
